chrom,pos,af_YRI,af_CEU,delta_af
9,133240002,0.0,0.0,0.0
9,133240091,0.09259259259259259,0.015151515151515152,0.07744107744107744
9,133240103,0.0,0.0,0.0
9,133240139,0.0,0.0,0.0
9,133240191,0.0,0.0,0.0
9,133240220,0.0,0.0,0.0
9,133240235,0.0,0.0,0.0
9,133240255,0.004629629629629629,0.0,0.004629629629629629
9,133240266,0.0,0.010101010101010102,0.010101010101010102
9,133240315,0.0,0.015151515151515152,0.015151515151515152
9,133240416,0.0,0.0,0.0
9,133240435,0.0,0.0,0.0
9,133240454,0.0,0.0,0.0
9,133240482,0.0,0.005050505050505051,0.005050505050505051
9,133240512,0.0,0.0,0.0
9,133240569,0.0,0.0,0.0
9,133240603,0.0,0.0,0.0
9,133240631,0.023148148148148147,0.4696969696969697,0.4465488215488216
9,133240639,0.0,0.005050505050505051,0.005050505050505051
9,133240731,0.0,0.0,0.0
9,133240749,0.0,0.0,0.0
9,133240751,0.10648148148148148,0.4696969696969697,0.3632154882154882
9,133240788,0.0,0.0,0.0
9,133240814,0.0,0.0,0.0
9,133240831,0.0,0.0,0.0
9,133240858,0.004629629629629629,0.0,0.004629629629629629
9,133240879,0.0,0.0,0.0
9,133240882,0.0,0.0,0.0
9,133240892,0.0,0.0,0.0
9,133240953,0.0,0.0,0.0
9,133240986,0.0,0.020202020202020204,0.020202020202020204
9,133241032,0.009259259259259259,0.0,0.009259259259259259
9,133241043,0.0,0.0,0.0
9,133241053,0.0,0.0,0.0
9,133241078,0.0,0.0,0.0
9,133241082,0.5787037037037037,0.9949494949494949,0.4162457912457912
9,133241106,0.0,0.0,0.0
9,133241124,0.0,0.0,0.0
9,133241199,0.0,0.03535353535353535,0.03535353535353535
9,133241215,0.0,0.0,0.0
9,133241242,0.4722222222222222,0.9040404040404041,0.4318181818181819
9,133241276,0.0,0.0,0.0
9,133241327,0.24537037037037038,0.41414141414141414,0.16877104377104377
9,133241463,0.0,0.0,0.0
9,133241482,0.027777777777777776,0.0,0.027777777777777776
9,133241500,0.0,0.0,0.0
9,133241507,0.0,0.0,0.0
9,133241512,0.004629629629629629,0.0,0.004629629629629629
9,133241514,0.0,0.0,0.0
9,133241518,0.0,0.0,0.0
9,133241585,0.0,0.0,0.0
9,133241658,0.041666666666666664,0.0,0.041666666666666664
9,133241725,0.0,0.0,0.0
9,133241854,0.18518518518518517,0.45454545454545453,0.26936026936026936
9,133241884,0.004629629629629629,0.0,0.004629629629629629
9,133241894,0.0,0.0,0.0
9,133241902,0.0,0.0,0.0
9,133241926,0.0,0.010101010101010102,0.010101010101010102
9,133241935,0.004629629629629629,0.0,0.004629629629629629
9,133241963,0.0,0.005050505050505051,0.005050505050505051
9,133241991,0.0,0.0,0.0
9,133242088,0.10185185185185185,0.46464646464646464,0.3627946127946128
9,133242120,0.0,0.005050505050505051,0.005050505050505051
9,133242139,0.0,0.0,0.0
9,133242154,0.37962962962962965,0.5757575757575758,0.19612794612794615
9,133242182,0.0,0.0,0.0
9,133242219,0.0,0.0,0.0
9,133242238,0.0,0.0,0.0
9,133242243,0.0,0.0,0.0
9,133242257,0.08333333333333333,0.0,0.08333333333333333
9,133242291,0.0,0.0,0.0
9,133242320,0.10648148148148148,0.46464646464646464,0.35816498316498313
9,133242384,0.0,0.0,0.0
9,133242390,0.0,0.0,0.0
9,133242398,0.0,0.0,0.0
9,133242553,0.0,0.0,0.0
9,133242566,0.0,0.0,0.0
9,133242574,0.0,0.0,0.0
9,133242638,0.004629629629629629,0.0,0.004629629629629629
9,133242684,0.0,0.0,0.0
9,133242710,0.0,0.020202020202020204,0.020202020202020204
9,133242715,0.0,0.0,0.0
9,133242824,0.0,0.0,0.0
9,133242841,0.0,0.0,0.0
9,133242924,0.4351851851851852,0.898989898989899,0.46380471380471383
9,133242932,0.013888888888888888,0.010101010101010102,0.0037878787878787862
9,133242941,0.018518518518518517,0.0,0.018518518518518517
9,133242972,0.0,0.0,0.0
9,133242975,0.004629629629629629,0.0,0.004629629629629629
9,133243055,0.013888888888888888,0.0,0.013888888888888888
9,133243056,0.0,0.0,0.0
9,133243082,0.0,0.0,0.0
9,133243094,0.0,0.0,0.0
9,133243104,0.0,0.0,0.0
9,133243135,0.0,0.0,0.0
9,133243144,0.0,0.0,0.0
9,133243153,0.0,0.0,0.0
9,133243156,0.0,0.005050505050505051,0.005050505050505051
9,133243159,0.0,0.0,0.0
9,133243235,0.032407407407407406,0.0,0.032407407407407406
9,133243248,0.09722222222222222,0.0,0.09722222222222222
9,133243256,0.0,0.0,0.0
9,133243277,0.027777777777777776,0.37373737373737376,0.34595959595959597
9,133243297,0.0,0.0,0.0
9,133243327,0.004629629629629629,0.0,0.004629629629629629
9,133243389,0.004629629629629629,0.0,0.004629629629629629
9,133243395,0.0,0.0,0.0
9,133243419,0.0,0.020202020202020204,0.020202020202020204
9,133243439,0.0,0.0,0.0
9,133243468,0.004629629629629629,0.0,0.004629629629629629
9,133243521,0.0,0.0,0.0
9,133243522,0.0,0.0,0.0
9,133243536,0.0,0.0,0.0
9,133243588,0.0,0.0,0.0
9,133243614,0.0,0.0,0.0
9,133243615,0.19444444444444445,0.5555555555555556,0.36111111111111116
9,133243644,0.0,0.0,0.0
9,133243653,0.0,0.0,0.0
9,133243894,0.0,0.0,0.0
9,133243921,0.0,0.0,0.0
9,133243934,0.0,0.0,0.0
9,133244012,0.0,0.0,0.0
9,133244013,0.0,0.020202020202020204,0.020202020202020204
9,133244017,0.0,0.0,0.0
9,133244029,0.0,0.0,0.0
9,133244037,0.0,0.0,0.0
9,133244082,0.0,0.0,0.0
9,133244115,0.0,0.0,0.0
9,133244139,0.0,0.06060606060606061,0.06060606060606061
9,133244152,0.0,0.020202020202020204,0.020202020202020204
9,133244170,0.0,0.0,0.0
9,133244190,0.032407407407407406,0.0,0.032407407407407406
9,133244209,0.004629629629629629,0.0,0.004629629629629629
9,133244234,0.0787037037037037,0.0,0.0787037037037037
9,133244239,0.0,0.020202020202020204,0.020202020202020204
9,133244252,0.0,0.030303030303030304,0.030303030303030304
9,133244292,0.0,0.005050505050505051,0.005050505050505051
9,133244390,0.0,0.0,0.0
9,133244439,0.0,0.0,0.0
9,133244522,0.0,0.0,0.0
9,133244536,0.0,0.0,0.0
9,133244545,0.0,0.0,0.0
9,133244566,0.0,0.020202020202020204,0.020202020202020204
9,133244575,0.0,0.0,0.0
9,133244633,0.0,0.0,0.0
9,133244634,0.0,0.0,0.0
9,133244744,0.0,0.0,0.0
9,133244831,0.18518518518518517,0.12626262626262627,0.058922558922558904
9,133244836,0.0,0.0,0.0
9,133244841,0.0,0.0,0.0
9,133244843,0.0,0.0,0.0
9,133244853,0.0,0.0,0.0
9,133244865,0.0,0.0,0.0
9,133244913,0.0,0.0,0.0
9,133244974,0.0,0.0,0.0
9,133244979,0.0,0.0,0.0
9,133244980,0.0787037037037037,0.005050505050505051,0.07365319865319865
9,133244981,0.0,0.0,0.0
9,133245000,0.0,0.0,0.0
9,133245039,0.0,0.0,0.0
9,133245045,0.023148148148148147,0.0,0.023148148148148147
9,133245148,0.0,0.06565656565656566,0.06565656565656566
9,133245172,0.0,0.0,0.0
9,133245198,0.0,0.0,0.0
9,133245228,0.0,0.0,0.0
9,133245232,0.0,0.0,0.0
9,133245248,0.0,0.0,0.0
9,133245346,0.0,0.0,0.0
9,133245361,0.0,0.0,0.0
9,133245372,0.0,0.0,0.0
9,133245386,0.0,0.0,0.0
9,133245444,0.0,0.0,0.0
9,133245455,0.1527777777777778,0.13131313131313133,0.021464646464646464
9,133245460,0.0,0.0,0.0
9,133245461,0.0,0.0,0.0
9,133245526,0.0,0.0,0.0
9,133245553,0.0,0.0,0.0
9,133245604,0.0,0.0,0.0
9,133245672,0.0,0.0,0.0
9,133245703,0.0,0.0,0.0
9,133245721,0.0,0.015151515151515152,0.015151515151515152
9,133245723,0.0,0.015151515151515152,0.015151515151515152
9,133245728,0.0,0.015151515151515152,0.015151515151515152
9,133245753,0.0,0.0,0.0
9,133245797,0.0,0.0,0.0
9,133245831,0.0,0.0,0.0
9,133245851,0.0,0.0,0.0
9,133245875,0.0,0.0,0.0
9,133245911,0.0,0.0,0.0
9,133245956,0.0,0.0,0.0
9,133245983,0.2962962962962963,0.9292929292929293,0.632996632996633
9,133245984,0.0,0.0,0.0
9,133245991,0.2962962962962963,0.9292929292929293,0.632996632996633
9,133246010,0.0,0.0,0.0
9,133246027,0.0,0.0,0.0
9,133246032,0.30092592592592593,0.9292929292929293,0.6283670033670034
9,133246037,0.05555555555555555,0.0,0.05555555555555555
9,133246073,0.0,0.0,0.0
9,133246083,0.3101851851851852,0.9292929292929293,0.6191077441077442
9,133246093,0.004629629629629629,0.005050505050505051,0.00042087542087542156
9,133246108,0.0,0.0,0.0
9,133246136,0.0,0.0,0.0
9,133246169,0.0,0.0,0.0
9,133246192,0.009259259259259259,0.0,0.009259259259259259
9,133246247,0.0,0.0,0.0
9,133246280,0.0,0.0,0.0
9,133246322,0.0,0.0,0.0
9,133246335,0.0,0.0,0.0
9,133246353,0.0,0.0,0.0
9,133246381,0.0,0.0707070707070707,0.0707070707070707
9,133246423,0.0,0.0,0.0
9,133246468,0.0,0.0,0.0
9,133246470,0.0,0.0,0.0
9,133246471,0.004629629629629629,0.0,0.004629629629629629
9,133246489,0.0,0.0,0.0
9,133246517,0.0,0.0,0.0
9,133246547,0.0,0.0,0.0
9,133246557,0.0,0.0,0.0
9,133246558,0.009259259259259259,0.0,0.009259259259259259
9,133246584,0.009259259259259259,0.0,0.009259259259259259
9,133246669,0.0,0.0,0.0
9,133246744,0.38425925925925924,0.9242424242424242,0.539983164983165
9,133246746,0.38425925925925924,0.9242424242424242,0.539983164983165
9,133246771,0.0,0.0,0.0
9,133246801,0.25,0.7373737373737373,0.48737373737373735
9,133246802,0.023148148148148147,0.3181818181818182,0.29503367003367004
9,133246806,0.0,0.0,0.0
9,133246813,0.023148148148148147,0.3282828282828283,0.30513468013468015
9,133246882,0.0,0.0,0.0
9,133246907,0.0,0.0,0.0
9,133246985,0.0,0.0,0.0
9,133246996,0.0,0.0,0.0
9,133247043,0.013888888888888888,0.0,0.013888888888888888
9,133247088,0.6064814814814815,0.9949494949494949,0.3884680134680134
9,133247114,0.0,0.0,0.0
9,133247139,0.0,0.0,0.0
9,133247148,0.0,0.0,0.0
9,133247150,0.0,0.0,0.0
9,133247173,0.0,0.0,0.0
9,133247176,0.0,0.0,0.0
9,133247231,0.38425925925925924,0.9242424242424242,0.539983164983165
9,133247245,0.0,0.0,0.0
9,133247246,0.023148148148148147,0.3333333333333333,0.3101851851851852
9,133247385,0.8796296296296297,1.0,0.12037037037037035
9,133247388,0.0,0.0,0.0
9,133247405,0.0,0.0,0.0
9,133247445,0.0,0.0,0.0
9,133247453,0.125,0.12626262626262627,0.0012626262626262708
9,133247503,0.0,0.0,0.0
9,133247518,0.0,0.0,0.0
9,133247525,0.0,0.0,0.0
9,133247532,0.0,0.0,0.0
9,133247554,0.0,0.0,0.0
9,133247562,0.046296296296296294,0.0,0.046296296296296294
9,133247575,0.0,0.0,0.0
9,133247579,0.0,0.0,0.0
9,133247609,0.1527777777777778,0.0,0.1527777777777778
9,133247665,0.0,0.0,0.0
9,133247730,0.0,0.0,0.0
9,133247798,0.0,0.0,0.0
9,133247804,0.0,0.0,0.0
9,133247819,0.0,0.0,0.0
9,133247823,0.037037037037037035,0.46464646464646464,0.4276094276094276
9,133247861,0.0,0.0,0.0
9,133247983,0.037037037037037035,0.0,0.037037037037037035
9,133248030,0.0,0.0,0.0
9,133248078,0.0,0.0,0.0
9,133248207,0.0,0.0,0.0
9,133248242,0.023148148148148147,0.3333333333333333,0.3101851851851852
9,133248280,0.0,0.0,0.0
9,133248325,0.0,0.0,0.0
9,133248354,0.0,0.0,0.0
9,133248368,0.08333333333333333,0.46464646464646464,0.3813131313131313
9,133248391,0.0787037037037037,0.0,0.0787037037037037
9,133248444,0.0,0.0,0.0
9,133248504,0.004629629629629629,0.0,0.004629629629629629
9,133248524,0.0,0.0,0.0
9,133248546,0.0,0.0,0.0
9,133248562,0.0,0.0,0.0
9,133248602,0.0,0.0,0.0
9,133248624,0.0,0.0,0.0
9,133248645,0.0,0.0,0.0
9,133248652,0.0,0.0,0.0
9,133248660,0.0,0.0,0.0
9,133248717,0.037037037037037035,0.0,0.037037037037037035
9,133248803,0.20833333333333334,0.5909090909090909,0.38257575757575757
9,133248825,0.0,0.0,0.0
9,133248849,0.0,0.0,0.0
9,133248909,0.0,0.005050505050505051,0.005050505050505051
9,133248932,0.0,0.0,0.0
9,133248938,0.037037037037037035,0.0,0.037037037037037035
9,133249067,0.023148148148148147,0.3282828282828283,0.30513468013468015
9,133249074,0.35185185185185186,0.5303030303030303,0.17845117845117842
9,133249076,0.0,0.010101010101010102,0.010101010101010102
9,133249088,0.0,0.0,0.0
9,133249154,0.0,0.0,0.0
9,133249219,0.14814814814814814,0.0,0.14814814814814814
9,133249221,0.0,0.005050505050505051,0.005050505050505051
9,133249239,0.0,0.0,0.0
9,133249291,0.009259259259259259,0.0,0.009259259259259259
9,133249326,0.0,0.0,0.0
9,133249330,0.0,0.0,0.0
9,133249451,0.004629629629629629,0.0,0.004629629629629629
9,133249486,0.0,0.0,0.0
9,133249500,0.032407407407407406,0.0,0.032407407407407406
9,133249501,0.0,0.0,0.0
9,133249600,0.38425925925925924,0.9141414141414141,0.5298821548821548
9,133249656,0.004629629629629629,0.0,0.004629629629629629
9,133249676,0.4166666666666667,0.9141414141414141,0.49747474747474746
9,133249762,0.0,0.0,0.0
9,133249772,0.0,0.0,0.0
9,133249778,0.20833333333333334,0.5808080808080808,0.3724747474747474
9,133249779,0.0,0.0,0.0
9,133249782,0.0,0.0,0.0
9,133249783,0.0,0.0,0.0
9,133249787,0.0,0.0,0.0
9,133249862,0.0,0.0,0.0
9,133249905,0.0,0.0,0.0
9,133249968,0.0,0.06060606060606061,0.06060606060606061
9,133249970,0.0,0.0,0.0
9,133250058,0.0,0.0,0.0
9,133250107,0.0,0.0,0.0
9,133250108,0.0,0.0,0.0
9,133250131,0.0,0.0,0.0
9,133250157,0.0,0.0,0.0
9,133250160,0.0,0.005050505050505051,0.005050505050505051
9,133250181,0.0,0.0,0.0
9,133250192,0.037037037037037035,0.0,0.037037037037037035
9,133250238,0.0,0.0,0.0
9,133250251,0.0,0.0,0.0
9,133250275,0.38425925925925924,0.898989898989899,0.5147306397306397
9,133250378,0.0,0.0,0.0
9,133250388,0.004629629629629629,0.0,0.004629629629629629
9,133250544,0.0,0.0,0.0
9,133250548,0.23148148148148148,0.46464646464646464,0.23316498316498316
9,133250556,0.0,0.0,0.0
9,133250599,0.0,0.0,0.0
9,133250630,0.0,0.0,0.0
9,133250754,0.0,0.0,0.0
9,133250763,0.19907407407407407,0.13636363636363635,0.06271043771043772
9,133250787,0.0,0.0,0.0
9,133250792,0.0,0.0,0.0
9,133250818,0.0,0.0,0.0
9,133250855,0.0,0.0,0.0
9,133250856,0.0,0.0,0.0
9,133250858,0.0,0.0,0.0
9,133250870,0.0,0.0,0.0
9,133250924,0.0,0.0,0.0
9,133250939,0.0,0.0,0.0
9,133250984,0.0,0.0,0.0
9,133251036,0.0,0.005050505050505051,0.005050505050505051
9,133251055,0.0,0.0,0.0
9,133251088,0.0,0.0,0.0
9,133251128,0.18055555555555555,0.3787878787878788,0.19823232323232323
9,133251132,0.0,0.0,0.0
9,133251136,0.0,0.005050505050505051,0.005050505050505051
9,133251141,0.009259259259259259,0.0,0.009259259259259259
9,133251164,0.004629629629629629,0.0,0.004629629629629629
9,133251177,0.0,0.0,0.0
9,133251198,0.0,0.0,0.0
9,133251220,0.0,0.0,0.0
9,133251234,0.013888888888888888,0.0,0.013888888888888888
9,133251273,0.0,0.020202020202020204,0.020202020202020204
9,133251292,0.0,0.005050505050505051,0.005050505050505051
9,133251325,0.0,0.0,0.0
9,133251332,0.0,0.0,0.0
9,133251335,0.004629629629629629,0.0,0.004629629629629629
9,133251339,0.0,0.0,0.0
9,133251356,0.0,0.0,0.0
9,133251361,0.0,0.0,0.0
9,133251363,0.08333333333333333,0.0,0.08333333333333333
9,133251364,0.004629629629629629,0.0,0.004629629629629629
9,133251403,0.0,0.0,0.0
9,133251423,0.018518518518518517,0.0,0.018518518518518517
9,133251436,0.0,0.0,0.0
9,133251443,0.0,0.0,0.0
9,133251482,0.0,0.0,0.0
9,133251511,0.0,0.0,0.0
9,133251548,0.0,0.005050505050505051,0.005050505050505051
9,133251562,0.26851851851851855,0.7171717171717171,0.4486531986531986
9,133251607,0.018518518518518517,0.0,0.018518518518518517
9,133251613,0.0,0.0,0.0
9,133251827,0.0,0.0,0.0
9,133251891,0.0,0.0,0.0
9,133251906,0.0,0.0,0.0
9,133251936,0.6296296296296297,0.9949494949494949,0.36531986531986527
9,133251943,0.0,0.0,0.0
9,133251986,0.2638888888888889,0.7070707070707071,0.4431818181818182
9,133252036,0.0,0.0,0.0
9,133252081,0.0,0.0,0.0
9,133252093,0.16666666666666666,0.030303030303030304,0.13636363636363635
9,133252095,0.0,0.0,0.0
9,133252098,0.0,0.0,0.0
9,133252125,0.0,0.0,0.0
9,133252163,0.032407407407407406,0.0,0.032407407407407406
9,133252193,0.046296296296296294,0.0,0.046296296296296294
9,133252194,0.0,0.010101010101010102,0.010101010101010102
9,133252206,0.0,0.0,0.0
9,133252212,0.2638888888888889,0.702020202020202,0.4381313131313131
9,133252258,0.0,0.0,0.0
9,133252274,0.0,0.0,0.0
9,133252385,0.0,0.0,0.0
9,133252386,0.0,0.0,0.0
9,133252393,0.0,0.0,0.0
9,133252504,0.0,0.0,0.0
9,133252575,0.0,0.0,0.0
9,133252599,0.032407407407407406,0.0,0.032407407407407406
9,133252646,0.25,0.696969696969697,0.446969696969697
9,133252650,0.09259259259259259,0.030303030303030304,0.062289562289562284
9,133252691,0.004629629629629629,0.06060606060606061,0.05597643097643098
9,133252718,0.0,0.0,0.0
9,133252733,0.0,0.0,0.0
9,133252767,0.0,0.010101010101010102,0.010101010101010102
9,133252768,0.0,0.0,0.0
9,133252790,0.0,0.0,0.0
9,133252886,0.009259259259259259,0.0,0.009259259259259259
9,133252894,0.0,0.0,0.0
9,133252904,0.25,0.702020202020202,0.452020202020202
9,133252948,0.013888888888888888,0.0,0.013888888888888888
9,133252969,0.2037037037037037,0.702020202020202,0.49831649831649827
9,133253014,0.0,0.0,0.0
9,133253020,0.004629629629629629,0.0,0.004629629629629629
9,133253053,0.037037037037037035,0.0,0.037037037037037035
9,133253146,0.013888888888888888,0.0,0.013888888888888888
9,133253153,0.0,0.0,0.0
9,133253159,0.004629629629629629,0.0,0.004629629629629629
9,133253173,0.0,0.0,0.0
9,133253191,0.0,0.005050505050505051,0.005050505050505051
9,133253216,0.0,0.0,0.0
9,133253222,0.0,0.0,0.0
9,133253227,0.0,0.0,0.0
9,133253254,0.0,0.0,0.0
9,133253259,0.004629629629629629,0.0,0.004629629629629629
9,133253285,0.0,0.0,0.0
9,133253293,0.0,0.0,0.0
9,133253303,0.009259259259259259,0.0,0.009259259259259259
9,133253334,0.0,0.0,0.0
9,133253343,0.0,0.0,0.0
9,133253427,0.0,0.0,0.0
9,133253446,0.0,0.0,0.0
9,133253447,0.0,0.0,0.0
9,133253482,0.4027777777777778,0.7878787878787878,0.38510101010101006
9,133253483,0.09722222222222222,0.0,0.09722222222222222
9,133253525,0.0,0.0,0.0
9,133253538,0.037037037037037035,0.0,0.037037037037037035
9,133253542,0.0,0.010101010101010102,0.010101010101010102
9,133253605,0.0,0.0,0.0
9,133253670,0.0,0.0,0.0
9,133253801,0.046296296296296294,0.04040404040404041,0.005892255892255886
9,133253802,0.046296296296296294,0.04040404040404041,0.005892255892255886
9,133253899,0.38425925925925924,0.7676767676767676,0.3834175084175084
9,133253948,0.0,0.18181818181818182,0.18181818181818182
9,133253976,0.0,0.05555555555555555,0.05555555555555555
9,133253984,0.0,0.0,0.0
9,133254022,0.0,0.0,0.0
9,133254078,0.0,0.0,0.0
9,133254274,0.0,0.0,0.0
9,133254282,0.0,0.0,0.0
9,133254334,0.0,0.0,0.0
9,133254365,0.0,0.0,0.0
9,133254378,0.0,0.0,0.0
9,133254421,0.0,0.0,0.0
9,133254437,0.0,0.0,0.0
9,133254475,0.0,0.0,0.0
9,133254541,0.0,0.0,0.0
9,133254558,0.0,0.0,0.0
9,133254644,0.0,0.0,0.0
9,133254693,0.0,0.0,0.0
9,133254720,0.0,0.0,0.0
9,133254737,0.0,0.0,0.0
9,133254775,0.0,0.0,0.0
9,133254785,0.0,0.0,0.0
9,133254788,0.0,0.0,0.0
9,133254790,0.018518518518518517,0.0,0.018518518518518517
9,133254811,0.004629629629629629,0.0,0.004629629629629629
9,133254830,0.0,0.0,0.0
9,133254838,0.0,0.0,0.0
9,133254840,0.0,0.0,0.0
9,133254884,0.0,0.0,0.0
9,133254892,0.004629629629629629,0.0,0.004629629629629629
9,133254935,0.0,0.0,0.0
9,133254999,0.0,0.0,0.0
9,133255010,0.0,0.005050505050505051,0.005050505050505051
9,133255068,0.009259259259259259,0.0,0.009259259259259259
9,133255103,0.0,0.0,0.0
9,133255104,0.004629629629629629,0.0,0.004629629629629629
9,133255138,0.009259259259259259,0.0,0.009259259259259259
9,133255166,0.0,0.0,0.0
9,133255200,0.0,0.0,0.0
9,133255204,0.0,0.0,0.0
9,133255247,0.0,0.0,0.0
9,133255257,0.3888888888888889,0.7929292929292929,0.40404040404040403
9,133255328,0.0,0.0,0.0
9,133255331,0.0,0.0,0.0
9,133255368,0.0,0.0,0.0
9,133255411,0.0,0.0,0.0
9,133255419,0.0,0.0,0.0
9,133255420,0.0,0.0,0.0
9,133255450,0.0,0.0,0.0
9,133255454,0.0,0.0,0.0
9,133255497,0.0,0.0,0.0
9,133255533,0.0,0.0,0.0
9,133255539,0.3888888888888889,0.7929292929292929,0.40404040404040403
9,133255546,0.0,0.005050505050505051,0.005050505050505051
9,133255547,0.0,0.0,0.0
9,133255567,0.013888888888888888,0.0,0.013888888888888888
9,133255587,0.0,0.0,0.0
9,133255597,0.37962962962962965,0.7929292929292929,0.4132996632996633
9,133255624,0.037037037037037035,0.0,0.037037037037037035
9,133255639,0.023148148148148147,0.0,0.023148148148148147
9,133255656,0.0,0.0,0.0
9,133255663,0.0,0.005050505050505051,0.005050505050505051
9,133255685,0.0,0.0,0.0
9,133255693,0.0,0.0,0.0
9,133255694,0.0,0.0,0.0
9,133255707,0.0,0.0,0.0
9,133255745,0.0,0.0,0.0
9,133255763,0.009259259259259259,0.0,0.009259259259259259
9,133255774,0.004629629629629629,0.0,0.004629629629629629
9,133255789,0.0,0.0,0.0
9,133255830,0.0,0.0,0.0
9,133255870,0.10185185185185185,0.08585858585858586,0.01599326599326599
9,133255883,0.0,0.0,0.0
9,133255899,0.004629629629629629,0.0,0.004629629629629629
9,133255956,0.0,0.0,0.0
9,133255991,0.0,0.0,0.0
9,133255993,0.0,0.0,0.0
9,133256013,0.06018518518518518,0.0,0.06018518518518518
9,133256035,0.0,0.0,0.0
9,133256036,0.0,0.0,0.0
9,133256095,0.0,0.0,0.0
9,133256123,0.0,0.0,0.0
9,133256131,0.0,0.0,0.0
9,133256197,0.0,0.0,0.0
9,133256238,0.0,0.0,0.0
9,133256239,0.004629629629629629,0.0,0.004629629629629629
9,133256253,0.0,0.2878787878787879,0.2878787878787879
9,133256267,0.0,0.0,0.0
9,133256309,0.0,0.0,0.0
9,133256321,0.0,0.0,0.0
9,133256335,0.4583333333333333,0.9646464646464646,0.5063131313131313
9,133256340,0.07407407407407407,0.0,0.07407407407407407
9,133256349,0.009259259259259259,0.0,0.009259259259259259
9,133256403,0.004629629629629629,0.0,0.004629629629629629
9,133256407,0.0,0.0,0.0
9,133256418,0.013888888888888888,0.0,0.013888888888888888
9,133256445,0.0,0.0,0.0
9,133256566,0.009259259259259259,0.0,0.009259259259259259
9,133256598,0.0,0.0,0.0
9,133256652,0.0,0.0,0.0
9,133256656,0.004629629629629629,0.0,0.004629629629629629
9,133256679,0.0,0.005050505050505051,0.005050505050505051
9,133256702,0.0,0.0,0.0
9,133256756,0.37962962962962965,0.797979797979798,0.41835016835016836
9,133256797,0.0,0.0,0.0
9,133256915,0.0,0.0,0.0
9,133256918,0.0,0.0,0.0
9,133256952,0.004629629629629629,0.005050505050505051,0.00042087542087542156
9,133256954,0.0,0.0,0.0
9,133256955,0.0,0.0,0.0
9,133256956,0.07407407407407407,0.0,0.07407407407407407
9,133256964,0.0,0.0,0.0
9,133257043,0.0,0.0,0.0
9,133257044,0.004629629629629629,0.0,0.004629629629629629
9,133257079,0.0,0.0,0.0
9,133257097,0.0,0.0,0.0
9,133257119,0.0,0.0,0.0
9,133257221,0.0,0.0,0.0
9,133257257,0.37962962962962965,0.797979797979798,0.41835016835016836
9,133257311,0.0,0.0,0.0
9,133257315,0.0,0.0,0.0
9,133257373,0.10185185185185185,0.08585858585858586,0.01599326599326599
9,133257394,0.0,0.0,0.0
9,133257397,0.004629629629629629,0.0,0.004629629629629629
9,133257417,0.08333333333333333,0.0,0.08333333333333333
9,133257437,0.0,0.0,0.0
9,133257472,0.0,0.0,0.0
9,133257488,0.0,0.0,0.0
9,133257534,0.0,0.06060606060606061,0.06060606060606061
9,133257535,0.0,0.06060606060606061,0.06060606060606061
9,133257551,0.0,0.0,0.0
9,133257554,0.16203703703703703,0.09090909090909091,0.07112794612794612
9,133257597,0.0,0.0,0.0
9,133257601,0.0,0.0,0.0
9,133257606,0.0,0.0,0.0
9,133257614,0.0,0.0,0.0
9,133257626,0.004629629629629629,0.0,0.004629629629629629
9,133257641,0.0,0.005050505050505051,0.005050505050505051
9,133257651,0.0,0.0,0.0
9,133257669,0.0,0.0,0.0
9,133257698,0.004629629629629629,0.0,0.004629629629629629
9,133257729,0.0,0.0,0.0
9,133257866,0.0,0.0,0.0
9,133257871,0.0,0.0,0.0
9,133257884,0.0,0.0,0.0
9,133257910,0.0,0.0,0.0
9,133257924,0.0,0.0,0.0
9,133258056,0.0,0.020202020202020204,0.020202020202020204
9,133258061,0.0,0.0,0.0
9,133258091,0.0,0.0,0.0
9,133258136,0.0,0.0,0.0
9,133258274,0.0,0.0,0.0
9,133258300,0.0,0.0,0.0
9,133258308,0.0,0.025252525252525252,0.025252525252525252
9,133258417,0.0,0.0,0.0
9,133258430,0.0,0.0,0.0
9,133258437,0.0,0.0,0.0
9,133258474,0.0,0.0,0.0
9,133258479,0.0,0.005050505050505051,0.005050505050505051
9,133258495,0.0,0.0,0.0
9,133258503,0.0,0.015151515151515152,0.015151515151515152
9,133258516,0.0,0.005050505050505051,0.005050505050505051
9,133258523,0.0,0.0,0.0
9,133258571,0.0,0.0,0.0
9,133258593,0.013888888888888888,0.0,0.013888888888888888
9,133258618,0.13425925925925927,0.7171717171717171,0.5829124579124578
9,133258619,0.0,0.005050505050505051,0.005050505050505051
9,133258638,0.0,0.025252525252525252,0.025252525252525252
9,133258655,0.13425925925925927,0.702020202020202,0.5677609427609427
9,133258660,0.4351851851851852,0.797979797979798,0.36279461279461284
9,133258690,0.013888888888888888,0.0,0.013888888888888888
9,133258708,0.0,0.0,0.0
9,133258722,0.0,0.0,0.0
9,133258729,0.0,0.0,0.0
9,133258755,0.032407407407407406,0.0,0.032407407407407406
9,133258762,0.0,0.0,0.0
9,133258802,0.0,0.0,0.0
9,133258832,0.0,0.0,0.0
9,133258835,0.1574074074074074,0.7070707070707071,0.5496632996632996
9,133258867,0.0,0.0,0.0
9,133258886,0.0,0.0,0.0
9,133258897,0.0,0.010101010101010102,0.010101010101010102
9,133258917,0.027777777777777776,0.0,0.027777777777777776
9,133258938,0.0,0.005050505050505051,0.005050505050505051
9,133258947,0.0,0.0,0.0
9,133258949,0.0,0.005050505050505051,0.005050505050505051
9,133258956,0.0,0.0,0.0
9,133258988,0.0,0.0,0.0
9,133259009,0.0,0.0,0.0
9,133259074,0.0,0.0,0.0
9,133259113,0.0,0.0,0.0
9,133259125,0.0,0.0,0.0
9,133259210,0.0,0.0,0.0
9,133259213,0.013888888888888888,0.0,0.013888888888888888
9,133259224,0.037037037037037035,0.0,0.037037037037037035
9,133259248,0.0,0.0,0.0
9,133259273,0.0,0.0,0.0
9,133259354,0.0,0.06060606060606061,0.06060606060606061
9,133259355,0.0,0.0,0.0
9,133259360,0.0,0.0,0.0
9,133259361,0.10185185185185185,0.0,0.10185185185185185
9,133259363,0.0,0.025252525252525252,0.025252525252525252
9,133259377,0.4351851851851852,0.797979797979798,0.36279461279461284
9,133259380,0.0,0.010101010101010102,0.010101010101010102
9,133259383,0.023148148148148147,0.0,0.023148148148148147
9,133259394,0.0,0.2777777777777778,0.2777777777777778
9,133259401,0.009259259259259259,0.0,0.009259259259259259
9,133259404,0.06018518518518518,0.3383838383838384,0.2781986531986532
9,133259415,0.0,0.0,0.0
9,133259421,0.0,0.0,0.0
9,133259504,0.009259259259259259,0.0,0.009259259259259259
9,133259517,0.0,0.0,0.0
9,133259538,0.0,0.0,0.0
9,133259542,0.1111111111111111,0.0,0.1111111111111111
9,133259549,0.1111111111111111,0.0,0.1111111111111111
9,133259550,0.1111111111111111,0.0,0.1111111111111111
9,133259553,0.0,0.0,0.0
9,133259606,0.009259259259259259,0.0,0.009259259259259259
9,133259613,0.004629629629629629,0.0,0.004629629629629629
9,133259637,0.0,0.0,0.0
9,133259650,0.0,0.0,0.0
9,133259700,0.5138888888888888,0.9595959595959596,0.4457070707070707
9,133259787,0.0,0.0,0.0
9,133259836,0.0,0.0,0.0
9,133259837,0.0,0.0,0.0
9,133259998,0.0,0.0,0.0
9,133260067,0.0,0.0,0.0
9,133260082,0.16203703703703703,0.015151515151515152,0.1468855218855219
9,133260092,0.0,0.0,0.0
9,133260102,0.0,0.0,0.0
9,133260108,0.004629629629629629,0.0,0.004629629629629629
9,133260120,0.0,0.0,0.0
9,133260148,0.0,0.005050505050505051,0.005050505050505051
9,133260193,0.0,0.0,0.0
9,133260207,0.037037037037037035,0.0,0.037037037037037035
9,133260213,0.0,0.010101010101010102,0.010101010101010102
9,133260222,0.0,0.0,0.0
9,133260248,0.004629629629629629,0.0,0.004629629629629629
9,133260308,0.0,0.005050505050505051,0.005050505050505051
9,133260316,0.3194444444444444,0.797979797979798,0.4785353535353536
9,133260344,0.0,0.0,0.0
9,133260349,0.0,0.0,0.0
9,133260350,0.0,0.0,0.0
9,133260353,0.5138888888888888,0.9595959595959596,0.4457070707070707
9,133260356,0.0,0.0,0.0
9,133260375,0.032407407407407406,0.0,0.032407407407407406
9,133260401,0.0,0.0,0.0
9,133260437,0.07407407407407407,0.3434343434343434,0.26936026936026936
9,133260474,0.013888888888888888,0.0,0.013888888888888888
9,133260493,0.16203703703703703,0.09090909090909091,0.07112794612794612
9,133260516,0.0,0.0,0.0
9,133260518,0.0,0.0,0.0
9,133260569,0.0,0.0,0.0
9,133260633,0.0,0.0,0.0
9,133260647,0.6851851851851852,0.9949494949494949,0.3097643097643097
9,133260700,0.009259259259259259,0.0,0.009259259259259259
9,133260713,0.0,0.0,0.0
9,133260780,0.004629629629629629,0.0,0.004629629629629629
9,133260783,0.0,0.0,0.0
9,133260797,0.0,0.0,0.0
9,133260831,0.018518518518518517,0.0,0.018518518518518517
9,133260898,0.0,0.0,0.0
9,133260901,0.0,0.0,0.0
9,133260953,0.004629629629629629,0.0,0.004629629629629629
9,133260971,0.0,0.0,0.0
9,133261005,0.1574074074074074,0.03535353535353535,0.12205387205387205
9,133261026,0.009259259259259259,0.0,0.009259259259259259
9,133261048,0.0,0.0,0.0
9,133261099,0.0,0.0,0.0
9,133261114,0.0,0.0,0.0
9,133261115,0.0,0.010101010101010102,0.010101010101010102
9,133261161,0.0,0.0,0.0
9,133261176,0.004629629629629629,0.0,0.004629629629629629
9,133261198,0.0,0.0,0.0
9,133261213,0.16203703703703703,0.09090909090909091,0.07112794612794612
9,133261214,0.0,0.0,0.0
9,133261221,0.018518518518518517,0.0,0.018518518518518517
9,133261270,0.1111111111111111,0.0,0.1111111111111111
9,133261295,0.0,0.0,0.0
9,133261301,0.0,0.0,0.0
9,133261317,0.26851851851851855,0.7070707070707071,0.4385521885521885
9,133261352,0.0,0.0,0.0
9,133261358,0.0,0.0,0.0
9,133261385,0.16666666666666666,0.09090909090909091,0.07575757575757575
9,133261424,0.0,0.0,0.0
9,133261428,0.0,0.0,0.0
9,133261507,0.032407407407407406,0.0,0.032407407407407406
9,133261532,0.0,0.0,0.0
9,133261535,0.1111111111111111,0.0,0.1111111111111111
9,133261576,0.0,0.0,0.0
9,133261639,0.16203703703703703,0.09090909090909091,0.07112794612794612
9,133261681,0.0,0.0,0.0
9,133261683,0.0,0.005050505050505051,0.005050505050505051
9,133261836,0.0,0.0,0.0
9,133261871,0.0,0.0,0.0
9,133261933,0.06018518518518518,0.0,0.06018518518518518
9,133261938,0.0,0.0,0.0
9,133261961,0.0,0.0,0.0
9,133261991,0.0,0.0,0.0
9,133262018,0.0,0.0,0.0
9,133262026,0.0,0.0,0.0
9,133262073,0.0,0.0,0.0
9,133262084,0.0,0.015151515151515152,0.015151515151515152
9,133262120,0.09722222222222222,0.0,0.09722222222222222
9,133262122,0.0,0.0,0.0
9,133262134,0.0,0.0,0.0
9,133262174,0.0,0.0,0.0
9,133262176,0.0,0.2676767676767677,0.2676767676767677
9,133262179,0.0,0.0,0.0
9,133262188,0.0,0.0,0.0
9,133262227,0.0,0.0,0.0
9,133262230,0.032407407407407406,0.0,0.032407407407407406
9,133262269,0.0,0.0,0.0
9,133262381,0.0,0.0,0.0
9,133262383,0.0,0.0,0.0
9,133262402,0.0,0.0,0.0
9,133262413,0.0,0.0,0.0
9,133262473,0.0,0.0,0.0
9,133262474,0.0,0.0,0.0
9,133262490,0.0,0.0,0.0
9,133262504,0.0,0.0,0.0
9,133262505,0.0,0.0,0.0
9,133262527,0.0,0.0,0.0
9,133262559,0.0,0.0,0.0
9,133262571,0.0,0.0,0.0
9,133262655,0.0,0.0,0.0
9,133262656,0.0,0.0,0.0
9,133262684,0.0,0.0,0.0
9,133262699,0.0,0.0,0.0
9,133262748,0.0,0.025252525252525252,0.025252525252525252
9,133262764,0.0,0.0,0.0
9,133262779,0.0,0.0,0.0
9,133262795,0.009259259259259259,0.0,0.009259259259259259
9,133262821,0.30092592592592593,0.09090909090909091,0.21001683501683502
9,133262826,0.0,0.0,0.0
9,133262857,0.0,0.0,0.0
9,133262858,0.0,0.0,0.0
9,133262872,0.0,0.0,0.0
9,133262894,0.0,0.0,0.0
9,133262943,0.0,0.0,0.0
9,133262961,0.1712962962962963,0.03535353535353535,0.13594276094276095
9,133262974,0.0,0.0,0.0
9,133262996,0.0,0.0,0.0
9,133263066,0.19444444444444445,0.09090909090909091,0.10353535353535354
9,133263084,0.0,0.0,0.0
9,133263092,0.0,0.0,0.0
9,133263137,0.0,0.0,0.0
9,133263164,0.0,0.005050505050505051,0.005050505050505051
9,133263188,0.0,0.005050505050505051,0.005050505050505051
9,133263253,0.0,0.0,0.0
9,133263261,0.0,0.0,0.0
9,133263277,0.0,0.0,0.0
9,133263280,0.0,0.0,0.0
9,133263281,0.0,0.0,0.0
9,133263326,0.0,0.0,0.0
9,133263346,0.0,0.0,0.0
9,133263347,0.0,0.0,0.0
9,133263369,0.0,0.0,0.0
9,133263387,0.0,0.0,0.0
9,133263404,0.16203703703703703,0.09090909090909091,0.07112794612794612
9,133263458,0.046296296296296294,0.16161616161616163,0.11531986531986534
9,133263461,0.0,0.010101010101010102,0.010101010101010102
9,133263462,0.0,0.0,0.0
9,133263463,0.013888888888888888,0.0,0.013888888888888888
9,133263467,0.0,0.0,0.0
9,133263479,0.0,0.0,0.0
9,133263502,0.0,0.005050505050505051,0.005050505050505051
9,133263524,0.0,0.005050505050505051,0.005050505050505051
9,133263526,0.0,0.0,0.0
9,133263547,0.0,0.0,0.0
9,133263593,0.009259259259259259,0.12626262626262627,0.11700336700336701
9,133263719,0.0,0.0,0.0
9,133263750,0.24537037037037038,0.09090909090909091,0.15446127946127947
9,133263889,0.0,0.0,0.0
9,133263921,0.004629629629629629,0.0,0.004629629629629629
9,133263923,0.625,1.0,0.375
9,133263926,0.0,0.0,0.0
9,133263955,0.0,0.0,0.0
9,133263956,0.004629629629629629,0.0,0.004629629629629629
9,133263995,0.0,0.0,0.0
9,133263999,0.0,0.0,0.0
9,133264054,0.0,0.0,0.0
9,133264059,0.4166666666666667,0.9393939393939394,0.5227272727272727
9,133264068,0.0,0.0,0.0
9,133264077,0.0,0.0,0.0
9,133264092,0.013888888888888888,0.0,0.013888888888888888
9,133264093,0.0,0.0,0.0
9,133264096,0.35648148148148145,0.24242424242424243,0.11405723905723902
9,133264113,0.0,0.010101010101010102,0.010101010101010102
9,133264130,0.0,0.0,0.0
9,133264137,0.0,0.0,0.0
9,133264152,0.0,0.0,0.0
9,133264167,0.013888888888888888,0.0,0.013888888888888888
9,133264170,0.0,0.0,0.0
9,133264197,0.0,0.0,0.0
9,133264201,0.0,0.0,0.0
9,133264213,0.3472222222222222,0.25252525252525254,0.09469696969696967
9,133264218,0.0,0.16161616161616163,0.16161616161616163
9,133264244,0.0,0.010101010101010102,0.010101010101010102
9,133264252,0.0,0.0,0.0
9,133264262,0.0,0.0,0.0
9,133264292,0.0,0.0,0.0
9,133264309,0.06018518518518518,0.0,0.06018518518518518
9,133264332,0.0,0.005050505050505051,0.005050505050505051
9,133264337,0.2037037037037037,0.09090909090909091,0.11279461279461278
9,133264341,0.0,0.0,0.0
9,133264364,0.0,0.0,0.0
9,133264365,0.0,0.0,0.0
9,133264409,0.0,0.0,0.0
9,133264438,0.0,0.0,0.0
9,133264449,0.0,0.0,0.0
9,133264486,0.10648148148148148,0.0,0.10648148148148148
9,133264521,0.0,0.0,0.0
9,133264545,0.0,0.0,0.0
9,133264556,0.0,0.0,0.0
9,133264614,0.027777777777777776,0.0,0.027777777777777776
9,133264618,0.0,0.0,0.0
9,133264697,0.0,0.0,0.0
9,133264751,0.023148148148148147,0.0,0.023148148148148147
9,133264771,0.004629629629629629,0.0,0.004629629629629629
9,133264774,0.013888888888888888,0.0,0.013888888888888888
9,133264779,0.0,0.005050505050505051,0.005050505050505051
9,133264781,0.6435185185185185,0.9949494949494949,0.3514309764309764
9,133264798,0.0,0.0,0.0
9,133264818,0.0,0.0,0.0
9,133264839,0.0,0.0,0.0
9,133264848,0.0,0.0,0.0
9,133264851,0.0,0.0,0.0
9,133264869,0.0,0.0,0.0
9,133264918,0.013888888888888888,0.0,0.013888888888888888
9,133264943,0.013888888888888888,0.0,0.013888888888888888
9,133264965,0.5833333333333334,0.30808080808080807,0.2752525252525253
9,133264966,0.0,0.0,0.0
9,133264985,0.023148148148148147,0.0,0.023148148148148147
9,133264998,0.0,0.0,0.0
9,133265017,0.027777777777777776,0.0,0.027777777777777776
9,133265020,0.0,0.0,0.0
9,133265081,0.0,0.0,0.0
9,133265108,0.0,0.0,0.0
9,133265118,0.027777777777777776,0.0,0.027777777777777776
9,133265122,0.0,0.0,0.0
9,133265154,0.032407407407407406,0.0,0.032407407407407406
9,133265170,0.0,0.0,0.0
9,133265251,0.0,0.005050505050505051,0.005050505050505051
9,133265257,0.0,0.0,0.0
9,133265297,0.0,0.0,0.0
9,133265343,0.0,0.0,0.0
9,133265355,0.0,0.0,0.0
9,133265450,0.0,0.0,0.0
9,133265459,0.0,0.0,0.0
9,133265460,0.0,0.0,0.0
9,133265466,0.05092592592592592,0.0,0.05092592592592592
9,133265573,0.0,0.0,0.0
9,133265580,0.0,0.0,0.0
9,133265582,0.0,0.0,0.0
9,133265607,0.0,0.0,0.0
9,133265608,0.0,0.0,0.0
9,133265625,0.0,0.0,0.0
9,133265632,0.004629629629629629,0.0,0.004629629629629629
9,133265717,0.013888888888888888,0.0,0.013888888888888888
9,133265728,0.0,0.0,0.0
9,133265756,0.0,0.0,0.0
9,133265772,0.2638888888888889,0.03535353535353535,0.22853535353535354
9,133265782,0.0,0.0,0.0
9,133265862,0.0,0.0,0.0
9,133265865,0.0,0.0,0.0
9,133265945,0.0,0.0,0.0
9,133266053,0.0,0.0,0.0
9,133266059,0.0,0.0,0.0
9,133266066,0.0,0.0,0.0
9,133266109,0.0,0.0,0.0
9,133266185,0.004629629629629629,0.010101010101010102,0.0054713804713804725
9,133266190,0.009259259259259259,0.0,0.009259259259259259
9,133266232,0.0,0.0,0.0
9,133266268,0.0,0.0,0.0
9,133266284,0.0,0.0,0.0
9,133266293,0.0,0.0,0.0
9,133266299,0.0,0.0,0.0
9,133266314,0.0,0.0,0.0
9,133266372,0.0,0.0,0.0
9,133266374,0.0,0.0,0.0
9,133266416,0.013888888888888888,0.0,0.013888888888888888
9,133266425,0.0,0.0,0.0
9,133266427,0.25925925925925924,0.03535353535353535,0.22390572390572389
9,133266436,0.0,0.0,0.0
9,133266442,0.0,0.11616161616161616,0.11616161616161616
9,133266500,0.0,0.0,0.0
9,133266501,0.0,0.0,0.0
9,133266502,0.0,0.0,0.0
9,133266606,0.0,0.0,0.0
9,133266616,0.18981481481481483,0.05555555555555555,0.13425925925925927
9,133266617,0.0,0.0,0.0
9,133266624,0.0,0.0,0.0
9,133266691,0.013888888888888888,0.0,0.013888888888888888
9,133266782,0.0,0.0,0.0
9,133266805,0.0,0.0,0.0
9,133266848,0.013888888888888888,0.0,0.013888888888888888
9,133266850,0.0,0.0,0.0
9,133266854,0.0,0.0,0.0
9,133266884,0.0,0.0,0.0
9,133266889,0.0,0.0,0.0
9,133266892,0.0,0.0,0.0
9,133266934,0.0,0.0,0.0
9,133266979,0.0,0.0,0.0
9,133267034,0.0,0.0,0.0
9,133267057,0.0,0.0,0.0
9,133267064,0.2175925925925926,0.06060606060606061,0.15698653198653198
9,133267087,0.004629629629629629,0.0,0.004629629629629629
9,133267100,0.0,0.0,0.0
9,133267110,0.0,0.0,0.0
9,133267127,0.11574074074074074,0.0,0.11574074074074074
9,133267168,0.0,0.0,0.0
9,133267214,0.05555555555555555,0.0,0.05555555555555555
9,133267289,0.0,0.0,0.0
9,133267333,0.0,0.0,0.0
9,133267350,0.0,0.0,0.0
9,133267351,0.0,0.0,0.0
9,133267381,0.0,0.0,0.0
9,133267409,0.0,0.0,0.0
9,133267424,0.0,0.0,0.0
9,133267449,0.004629629629629629,0.09090909090909091,0.08627946127946129
9,133267460,0.0,0.0,0.0
9,133267464,0.023148148148148147,0.0,0.023148148148148147
9,133267472,0.0,0.0,0.0
9,133267486,0.0,0.0,0.0
9,133267508,0.0,0.0,0.0
9,133267528,0.037037037037037035,0.0,0.037037037037037035
9,133267538,0.0,0.0,0.0
9,133267568,0.0,0.0,0.0
9,133267578,0.0,0.0,0.0
9,133267580,0.0,0.0,0.0
9,133267582,0.0,0.0,0.0
9,133267626,0.0,0.0,0.0
9,133267640,0.009259259259259259,0.0,0.009259259259259259
9,133267686,0.0,0.0,0.0
9,133267695,0.6342592592592593,0.15151515151515152,0.4827441077441078
9,133267762,0.0,0.0,0.0
9,133267818,0.0,0.0,0.0
9,133267829,0.0,0.0,0.0
9,133267894,0.23148148148148148,0.03535353535353535,0.19612794612794612
9,133267936,0.0,0.0,0.0
9,133267972,0.0,0.0,0.0
9,133268001,0.0,0.0,0.0
9,133268042,0.0,0.0,0.0
9,133268077,0.0,0.0,0.0
9,133268106,0.0,0.0,0.0
9,133268110,0.0,0.015151515151515152,0.015151515151515152
9,133268111,0.0,0.0,0.0
9,133268112,0.0,0.0,0.0
9,133268113,0.0,0.0,0.0
9,133268118,0.0,0.0,0.0
9,133268121,0.0,0.0,0.0
9,133268122,0.0,0.0,0.0
9,133268123,0.018518518518518517,0.2474747474747475,0.22895622895622897
9,133268126,0.009259259259259259,0.0,0.009259259259259259
9,133268131,0.25462962962962965,0.26262626262626265,0.007996632996633002
9,133268143,0.0,0.0,0.0
9,133268150,0.3101851851851852,0.17676767676767677,0.1334175084175084
9,133268154,0.0,0.0,0.0
9,133268155,0.0,0.0,0.0
9,133268166,0.0,0.005050505050505051,0.005050505050505051
9,133268178,0.0,0.005050505050505051,0.005050505050505051
9,133268179,0.013888888888888888,0.0,0.013888888888888888
9,133268180,0.7314814814814815,0.9393939393939394,0.20791245791245794
9,133268184,0.0,0.11616161616161616,0.11616161616161616
9,133268187,0.0,0.0,0.0
9,133268190,0.004629629629629629,0.015151515151515152,0.010521885521885523
9,133268191,0.0,0.005050505050505051,0.005050505050505051
9,133268194,0.0,0.0,0.0
9,133268195,0.013888888888888888,0.07575757575757576,0.06186868686868687
9,133268197,0.0,0.0,0.0
9,133268198,0.0,0.015151515151515152,0.015151515151515152
9,133268199,0.0,0.0,0.0
9,133268200,0.0,0.0,0.0
9,133268202,0.0,0.0,0.0
9,133268203,0.0,0.0,0.0
9,133268204,0.0,0.0,0.0
9,133268206,0.08333333333333333,0.11616161616161616,0.03282828282828283
9,133268209,0.009259259259259259,0.0,0.009259259259259259
9,133268210,0.09259259259259259,0.2777777777777778,0.1851851851851852
9,133268224,0.0,0.0,0.0
9,133268227,0.013888888888888888,0.0,0.013888888888888888
9,133268233,0.11574074074074074,0.2676767676767677,0.15193602693602692
9,133268239,0.0,0.0,0.0
9,133268244,0.11574074074074074,0.2777777777777778,0.16203703703703703
9,133268246,0.11574074074074074,0.2777777777777778,0.16203703703703703
9,133268251,0.19907407407407407,0.045454545454545456,0.1536195286195286
9,133268252,0.0,0.0,0.0
9,133268253,0.0,0.0,0.0
9,133268255,0.0,0.0,0.0
9,133268265,0.004629629629629629,0.0,0.004629629629629629
9,133268276,0.0,0.0,0.0
9,133268338,0.0,0.0,0.0
9,133268339,0.0,0.0,0.0
9,133268364,0.0,0.0,0.0
9,133268375,0.0,0.0,0.0
9,133268399,0.0,0.0,0.0
9,133268427,0.0,0.0,0.0
9,133268470,0.0,0.0,0.0
9,133268482,0.0,0.0,0.0
9,133268506,0.0,0.030303030303030304,0.030303030303030304
9,133268587,0.0,0.0,0.0
9,133268588,0.0,0.0,0.0
9,133268640,0.0,0.0,0.0
9,133268647,0.0,0.0,0.0
9,133268709,0.0,0.0,0.0
9,133268717,0.0,0.0,0.0
9,133268785,0.0,0.0,0.0
9,133268808,0.0,0.0,0.0
9,133268817,0.0,0.0,0.0
9,133268854,0.0,0.0,0.0
9,133268888,0.2638888888888889,0.03535353535353535,0.22853535353535354
9,133268904,0.0,0.0,0.0
9,133268908,0.0,0.0,0.0
9,133268931,0.0,0.0,0.0
9,133268949,0.0,0.0,0.0
9,133268958,0.0,0.0,0.0
9,133269012,0.0,0.0,0.0
9,133269013,0.0,0.0,0.0
9,133269038,0.1527777777777778,0.03535353535353535,0.11742424242424243
9,133269042,0.0,0.0,0.0
9,133269082,0.0,0.0,0.0
9,133269086,0.0,0.010101010101010102,0.010101010101010102
9,133269118,0.0,0.0,0.0
9,133269147,0.0,0.0,0.0
9,133269148,0.004629629629629629,0.0,0.004629629629629629
9,133269166,0.032407407407407406,0.0,0.032407407407407406
9,133269202,0.0,0.0,0.0
9,133269212,0.0,0.0,0.0
9,133269213,0.0,0.0,0.0
9,133269232,0.0,0.0,0.0
9,133269237,0.0,0.0,0.0
9,133269238,0.0,0.0,0.0
9,133269290,0.0,0.0,0.0
9,133269325,0.0,0.005050505050505051,0.005050505050505051
9,133269336,0.0,0.0,0.0
9,133269347,0.0,0.0,0.0
9,133269352,0.0,0.0,0.0
9,133269353,0.0,0.0,0.0
9,133269361,0.0,0.010101010101010102,0.010101010101010102
9,133269389,0.0,0.0,0.0
9,133269415,0.0,0.0,0.0
9,133269433,0.004629629629629629,0.0,0.004629629629629629
9,133269476,0.0,0.050505050505050504,0.050505050505050504
9,133269528,0.0,0.0,0.0
9,133269588,0.0,0.0,0.0
9,133269590,0.0,0.0,0.0
9,133269663,0.0,0.0,0.0
9,133269665,0.0,0.005050505050505051,0.005050505050505051
9,133269726,0.0,0.0,0.0
9,133269768,0.0,0.0,0.0
9,133269824,0.0,0.0,0.0
9,133269829,0.0,0.0,0.0
9,133269893,0.0,0.005050505050505051,0.005050505050505051
9,133269930,0.0,0.0,0.0
9,133269931,0.004629629629629629,0.0,0.004629629629629629
9,133269936,0.0,0.0,0.0
9,133269945,0.0,0.0,0.0
9,133269946,0.0,0.0,0.0
9,133269961,0.0,0.0,0.0
9,133269974,0.0,0.0,0.0
9,133269986,0.0,0.0,0.0
9,133270031,0.0,0.0,0.0
9,133270033,0.0,0.0,0.0
9,133270138,0.0,0.0,0.0
9,133270185,0.0,0.0,0.0
9,133270195,0.0,0.0,0.0
9,133270248,0.0,0.005050505050505051,0.005050505050505051
9,133270337,0.8101851851851852,0.30303030303030304,0.5071548821548821
9,133270366,0.0,0.0,0.0
9,133270400,0.0,0.0,0.0
9,133270402,0.018518518518518517,0.0,0.018518518518518517
9,133270456,0.0,0.0,0.0
9,133270487,0.0,0.0,0.0
9,133270499,0.0,0.04040404040404041,0.04040404040404041
9,133270507,0.0,0.0,0.0
9,133270515,0.08796296296296297,0.0,0.08796296296296297
9,133270525,0.0,0.005050505050505051,0.005050505050505051
9,133270546,0.0,0.0,0.0
9,133270547,0.0,0.0,0.0
9,133270548,0.11574074074074074,0.0,0.11574074074074074
9,133270653,0.0,0.0,0.0
9,133270673,0.004629629629629629,0.0,0.004629629629629629
9,133270701,0.0,0.005050505050505051,0.005050505050505051
9,133270713,0.0,0.0,0.0
9,133270719,0.0,0.010101010101010102,0.010101010101010102
9,133270720,0.0,0.0,0.0
9,133270723,0.0,0.0,0.0
9,133270740,1.0,1.0,0.0
9,133270751,0.0,0.015151515151515152,0.015151515151515152
9,133270764,0.004629629629629629,0.0,0.004629629629629629
9,133270790,0.0,0.0,0.0
9,133270802,0.0,0.0,0.0
9,133270832,0.0,0.0,0.0
9,133270835,0.0,0.0,0.0
9,133270881,0.0,0.0,0.0
9,133270948,0.0,0.005050505050505051,0.005050505050505051
9,133270992,0.0,0.0,0.0
9,133271035,0.0,0.020202020202020204,0.020202020202020204
9,133271065,0.0,0.0,0.0
9,133271114,0.0,0.0,0.0
9,133271140,0.0,0.0,0.0
9,133271149,0.0,0.0,0.0
9,133271160,0.0,0.0,0.0
9,133271219,0.0,0.0,0.0
9,133271230,0.0,0.0,0.0
9,133271263,0.004629629629629629,0.0,0.004629629629629629
9,133271313,0.0,0.0,0.0
9,133271316,0.0,0.0,0.0
9,133271318,0.004629629629629629,0.0,0.004629629629629629
9,133271339,0.0,0.0,0.0
9,133271372,0.0,0.0,0.0
9,133271376,0.0,0.0,0.0
9,133271398,0.0,0.0,0.0
9,133271401,0.004629629629629629,0.0,0.004629629629629629
9,133271404,0.0,0.0,0.0
9,133271438,0.2962962962962963,0.08080808080808081,0.21548821548821545
9,133271440,0.0,0.0,0.0
9,133271465,0.0,0.0,0.0
9,133271593,0.0,0.0,0.0
9,133271632,0.2638888888888889,0.03535353535353535,0.22853535353535354
9,133271638,0.0,0.0,0.0
9,133271639,0.0,0.0,0.0
9,133271654,0.2638888888888889,0.03535353535353535,0.22853535353535354
9,133271663,0.2638888888888889,0.03535353535353535,0.22853535353535354
9,133271664,0.0,0.0,0.0
9,133271678,0.009259259259259259,0.0,0.009259259259259259
9,133271812,0.0,0.0,0.0
9,133271819,0.013888888888888888,0.0,0.013888888888888888
9,133271894,0.0,0.045454545454545456,0.045454545454545456
9,133271901,0.19907407407407407,0.045454545454545456,0.1536195286195286
9,133271928,0.8148148148148148,0.30808080808080807,0.5067340067340067
9,133271929,0.0,0.0,0.0
9,133271958,0.0,0.0,0.0
9,133272118,0.12962962962962962,0.03535353535353535,0.09427609427609426
9,133272190,0.0,0.0,0.0
9,133272209,0.0,0.0,0.0
9,133272271,0.0,0.0,0.0
9,133272272,0.046296296296296294,0.0,0.046296296296296294
9,133272300,0.0,0.0,0.0
9,133272321,0.0,0.0,0.0
9,133272348,0.013888888888888888,0.0,0.013888888888888888
9,133272355,0.009259259259259259,0.0,0.009259259259259259
9,133272385,0.0,0.0,0.0
9,133272420,0.009259259259259259,0.0,0.009259259259259259
9,133272461,0.0,0.0,0.0
9,133272465,0.0,0.0,0.0
9,133272529,0.0,0.0,0.0
9,133272567,0.0,0.0,0.0
9,133272575,0.0,0.0,0.0
9,133272576,0.0,0.0,0.0
9,133272582,0.0,0.0,0.0
9,133272585,0.0,0.0,0.0
9,133272591,0.0,0.0,0.0
9,133272621,0.0,0.0,0.0
9,133272629,0.013888888888888888,0.0,0.013888888888888888
9,133272636,0.0,0.0,0.0
9,133272637,0.009259259259259259,0.0,0.009259259259259259
9,133272661,0.3472222222222222,0.14646464646464646,0.20075757575757575
9,133272676,0.0,0.0,0.0
9,133272680,0.3472222222222222,0.14646464646464646,0.20075757575757575
9,133272690,0.0,0.0,0.0
9,133272795,0.023148148148148147,0.0,0.023148148148148147
9,133272801,0.004629629629629629,0.0,0.004629629629629629
9,133272826,0.0,0.0,0.0
9,133272901,0.0,0.0,0.0
9,133272933,0.0,0.0,0.0
9,133273011,0.0,0.0,0.0
9,133273012,0.0,0.0,0.0
9,133273015,0.0,0.0,0.0
9,133273035,0.0,0.0,0.0
9,133273055,0.0,0.0,0.0
9,133273083,0.08796296296296297,0.0,0.08796296296296297
9,133273091,0.0,0.0,0.0
9,133273142,0.0,0.0,0.0
9,133273189,0.06944444444444445,0.13636363636363635,0.0669191919191919
9,133273206,0.0,0.0,0.0
9,133273227,0.0,0.0,0.0
9,133273248,0.0,0.0,0.0
9,133273250,0.0,0.0,0.0
9,133273254,0.0,0.0,0.0
9,133273268,0.0,0.0,0.0
9,133273288,0.0,0.0,0.0
9,133273351,0.0,0.0,0.0
9,133273371,0.39814814814814814,0.1717171717171717,0.22643097643097643
9,133273396,0.004629629629629629,0.005050505050505051,0.00042087542087542156
9,133273414,0.08796296296296297,0.0,0.08796296296296297
9,133273512,0.0,0.0,0.0
9,133273523,0.023148148148148147,0.13131313131313133,0.10816498316498319
9,133273573,0.009259259259259259,0.0,0.009259259259259259
9,133273574,0.19907407407407407,0.015151515151515152,0.18392255892255893
9,133273583,0.0,0.0,0.0
9,133273612,0.0,0.0,0.0
9,133273623,0.0,0.0,0.0
9,133273624,0.0,0.0,0.0
9,133273658,0.0,0.0,0.0
9,133273680,0.009259259259259259,0.0,0.009259259259259259
9,133273725,0.013888888888888888,0.0,0.013888888888888888
9,133273760,0.004629629629629629,0.0,0.004629629629629629
9,133273761,0.0,0.0,0.0
9,133273864,0.0,0.0,0.0
9,133273868,0.0,0.0,0.0
9,133273877,0.0,0.005050505050505051,0.005050505050505051
9,133273884,0.0,0.0,0.0
9,133273911,0.0,0.0,0.0
9,133273981,0.0,0.0,0.0
9,133273982,0.0,0.0,0.0
9,133274018,0.0,0.0,0.0
9,133274020,0.0,0.0,0.0
9,133274086,0.0,0.0,0.0
9,133274099,0.0,0.0,0.0
9,133274113,0.0,0.0,0.0
9,133274139,0.0,0.0,0.0
9,133274144,0.0,0.0,0.0
9,133274159,0.0,0.0,0.0
9,133274169,0.0,0.0,0.0
9,133274183,0.0,0.0,0.0
9,133274184,0.0,0.0,0.0
9,133274204,0.0,0.0,0.0
9,133274215,0.0,0.0,0.0
9,133274243,0.0,0.03535353535353535,0.03535353535353535
9,133274247,0.0,0.005050505050505051,0.005050505050505051
9,133274258,0.0,0.0,0.0
9,133274265,0.28703703703703703,0.16666666666666666,0.12037037037037038
9,133274273,0.0,0.0,0.0
9,133274408,0.09259259259259259,0.0,0.09259259259259259
9,133274418,0.0,0.0,0.0
9,133274440,0.0,0.0,0.0
9,133274465,0.0,0.0,0.0
9,133274524,0.0,0.0,0.0
9,133274533,0.10185185185185185,0.0,0.10185185185185185
9,133274615,0.0,0.0,0.0
9,133274637,0.5833333333333334,0.3383838383838384,0.24494949494949497
9,133274766,0.0,0.0,0.0
9,133274806,0.23148148148148148,0.1919191919191919,0.039562289562289576
9,133274840,0.0,0.0,0.0
9,133274872,0.08796296296296297,0.0,0.08796296296296297
9,133274879,0.0,0.03535353535353535,0.03535353535353535
9,133274913,0.06944444444444445,0.0,0.06944444444444445
9,133274934,0.0,0.0,0.0
9,133274964,0.0,0.0,0.0
9,133274986,0.0,0.0,0.0
9,133274992,0.0,0.0,0.0
9,133275049,0.0,0.0,0.0
9,133275073,0.0,0.0,0.0
9,133275090,0.0,0.0,0.0
9,133275105,0.0,0.0,0.0
9,133275124,0.0,0.0,0.0
9,133275138,0.0,0.0,0.0
9,133275152,0.4861111111111111,0.3383838383838384,0.1477272727272727
9,133275162,0.0,0.0,0.0
9,133275195,0.49074074074074076,0.3383838383838384,0.15235690235690236
9,133275303,0.0,0.0,0.0
9,133275315,0.0,0.0,0.0
9,133275395,0.0,0.0,0.0
9,133275400,0.046296296296296294,0.0,0.046296296296296294
9,133275431,0.0,0.0,0.0
9,133275483,0.10185185185185185,0.0,0.10185185185185185
9,133275514,0.0,0.0,0.0
9,133275532,0.0,0.0,0.0
9,133275551,0.013888888888888888,0.0,0.013888888888888888
9,133275579,0.3055555555555556,0.12626262626262627,0.1792929292929293
9,133275648,0.032407407407407406,0.17676767676767677,0.14436026936026936
9,133275709,0.0,0.0,0.0
9,133275714,0.0,0.0,0.0
9,133275753,0.0,0.0,0.0
9,133275798,0.0,0.0,0.0
9,133275896,0.004629629629629629,0.005050505050505051,0.00042087542087542156
9,133275943,0.0,0.0,0.0
9,133275964,0.07407407407407407,0.13131313131313133,0.057239057239057256
9,133275979,0.013888888888888888,0.0,0.013888888888888888
9,133275996,0.018518518518518517,0.0,0.018518518518518517
9,133275997,0.0,0.0,0.0
9,133276019,0.09722222222222222,0.04040404040404041,0.056818181818181816
9,133276037,0.0,0.0,0.0
9,133276038,0.0,0.0,0.0
9,133276064,0.0,0.0,0.0
9,133276075,0.4074074074074074,0.07575757575757576,0.33164983164983164
9,133276156,0.0,0.0,0.0
9,133276234,0.0,0.0,0.0
9,133276248,0.0,0.0,0.0
9,133276251,0.0,0.0,0.0
9,133276267,0.0,0.0,0.0
9,133276277,0.0,0.0,0.0
9,133276330,0.16666666666666666,0.0,0.16666666666666666
9,133276414,0.0,0.0,0.0
9,133276419,0.013888888888888888,0.0,0.013888888888888888
9,133276431,0.0,0.0,0.0
9,133276466,0.0,0.0,0.0
9,133276544,0.0,0.0,0.0
9,133276549,0.0,0.0,0.0
9,133276567,0.0,0.0,0.0
9,133276603,0.0,0.0,0.0
9,133276607,0.013888888888888888,0.0,0.013888888888888888
9,133276694,0.0,0.0,0.0
9,133276728,0.0,0.0,0.0
9,133276732,0.0,0.005050505050505051,0.005050505050505051
9,133276781,0.125,0.0,0.125
9,133276789,0.09259259259259259,0.0,0.09259259259259259
9,133276816,0.0,0.0,0.0
9,133276832,0.125,0.0,0.125
9,133276857,0.0,0.0,0.0
9,133276910,0.004629629629629629,0.0,0.004629629629629629
9,133276973,0.0,0.0,0.0
9,133277039,0.4537037037037037,0.18181818181818182,0.2718855218855219
9,133277053,0.0,0.0,0.0
9,133277075,0.0,0.0,0.0
9,133277120,0.0,0.0,0.0
9,133277126,0.18518518518518517,0.1414141414141414,0.043771043771043766
9,133277129,0.125,0.0,0.125
9,133277164,0.0,0.0,0.0
9,133277198,0.0,0.0,0.0
9,133277199,0.032407407407407406,0.0,0.032407407407407406
9,133277200,0.0,0.0,0.0
9,133277233,0.1527777777777778,0.015151515151515152,0.13762626262626265
9,133277240,0.0,0.0,0.0
9,133277248,0.0,0.0,0.0
9,133277270,0.0,0.0,0.0
9,133277302,0.0,0.0,0.0
9,133277327,0.032407407407407406,0.0,0.032407407407407406
9,133277388,0.0,0.0,0.0
9,133277399,0.0,0.005050505050505051,0.005050505050505051
9,133277410,0.0,0.0,0.0
9,133277422,0.004629629629629629,0.0,0.004629629629629629
9,133277570,0.0,0.0,0.0
9,133277599,0.0,0.0,0.0
9,133277624,0.0,0.0,0.0
9,133277641,0.21296296296296297,0.1414141414141414,0.07154882154882156
9,133277706,0.0,0.0,0.0
9,133277853,0.0,0.0,0.0
9,133277854,0.004629629629629629,0.0,0.004629629629629629
9,133277928,0.0,0.0,0.0
9,133277973,0.0,0.0,0.0
9,133277974,0.0,0.0,0.0
9,133278009,0.0,0.0,0.0
9,133278036,0.0,0.0,0.0
9,133278082,0.0,0.0,0.0
9,133278109,0.013888888888888888,0.0,0.013888888888888888
9,133278119,0.09722222222222222,0.0,0.09722222222222222
9,133278190,0.0,0.0,0.0
9,133278210,0.013888888888888888,0.0,0.013888888888888888
9,133278217,0.0,0.0,0.0
9,133278247,0.0,0.0,0.0
9,133278293,0.0,0.0,0.0
9,133278379,0.0,0.0,0.0
9,133278395,0.041666666666666664,0.045454545454545456,0.0037878787878787915
9,133278429,0.0,0.0,0.0
9,133278435,0.0,0.005050505050505051,0.005050505050505051
9,133278441,0.0,0.0,0.0
9,133278443,0.0,0.0,0.0
9,133278450,0.0,0.0,0.0
9,133278457,0.0,0.0,0.0
9,133278460,0.0,0.0,0.0
9,133278479,0.0,0.0,0.0
9,133278483,0.0,0.0,0.0
9,133278518,0.0,0.0,0.0
9,133278529,0.0,0.0,0.0
9,133278587,0.0,0.0,0.0
9,133278588,0.0,0.0,0.0
9,133278599,0.0,0.0,0.0
9,133278609,0.0,0.0,0.0
9,133278610,0.0,0.0,0.0
9,133278651,0.0,0.0,0.0
9,133278670,0.0,0.0,0.0
9,133278709,0.004629629629629629,0.0,0.004629629629629629
9,133278771,0.14814814814814814,0.06565656565656566,0.08249158249158248
9,133278773,0.0,0.0,0.0
9,133278777,0.0,0.0,0.0
9,133278778,0.004629629629629629,0.0,0.004629629629629629
9,133278806,0.0,0.0,0.0
9,133278840,0.05555555555555555,0.09595959595959595,0.0404040404040404
9,133278879,0.0,0.0,0.0
9,133278880,0.0,0.1111111111111111,0.1111111111111111
9,133278930,0.0,0.0,0.0
9,133278931,0.0,0.0,0.0
9,133278944,0.0,0.005050505050505051,0.005050505050505051
9,133278951,0.0,0.0,0.0
9,133278979,0.06481481481481481,0.0,0.06481481481481481
9,133279059,0.004629629629629629,0.0,0.004629629629629629
9,133279075,0.0,0.0,0.0
9,133279105,0.06018518518518518,0.0,0.06018518518518518
9,133279128,0.0,0.0,0.0
9,133279164,0.0,0.0,0.0
9,133279224,0.0,0.0,0.0
9,133279225,0.0,0.0,0.0
9,133279269,0.0,0.0,0.0
9,133279277,0.0,0.0,0.0
9,133279289,0.0,0.0,0.0
9,133279384,0.0,0.0,0.0
9,133279395,0.5740740740740741,0.8686868686868687,0.29461279461279466
9,133279396,0.0,0.0,0.0
9,133279404,0.0,0.015151515151515152,0.015151515151515152
9,133279436,0.0,0.0,0.0
9,133279487,0.0,0.0,0.0
9,133279523,0.0,0.0,0.0
9,133279649,0.0,0.0,0.0
9,133279650,0.0,0.0,0.0
9,133279695,0.004629629629629629,0.0,0.004629629629629629
9,133279752,0.041666666666666664,0.0,0.041666666666666664
9,133279766,0.5462962962962963,0.8535353535353535,0.3072390572390572
9,133279776,0.013888888888888888,0.08585858585858586,0.07196969696969696
9,133279786,0.0,0.0,0.0
9,133279802,0.0,0.0,0.0
9,133279815,0.0,0.0,0.0
9,133279819,0.0,0.0,0.0
9,133279820,0.0,0.0,0.0
9,133279883,0.0,0.0,0.0
9,133279912,0.0,0.0,0.0
9,133279942,0.041666666666666664,0.0,0.041666666666666664
9,133279943,0.0,0.0,0.0
9,133279970,0.0,0.0,0.0
9,133279987,0.0,0.0,0.0
9,133279997,0.0,0.030303030303030304,0.030303030303030304
9,133280002,0.0,0.0,0.0
9,133280016,0.0,0.0,0.0
9,133280017,0.0,0.0,0.0
9,133280018,0.10648148148148148,0.0,0.10648148148148148
9,133280021,0.004629629629629629,0.0,0.004629629629629629
9,133280022,0.004629629629629629,0.0,0.004629629629629629
9,133280031,0.0,0.0,0.0
9,133280092,0.004629629629629629,0.0,0.004629629629629629
9,133280097,0.0,0.0,0.0
9,133280110,0.004629629629629629,0.0,0.004629629629629629
9,133280114,0.0,0.0,0.0
9,133280171,0.0,0.06565656565656566,0.06565656565656566
9,133280192,0.0,0.0,0.0
9,133280197,0.0,0.0,0.0
9,133280251,0.08796296296296297,0.045454545454545456,0.04250841750841751
9,133280252,0.0,0.0,0.0
9,133280256,0.0,0.0,0.0
9,133280259,0.0,0.0,0.0
9,133280299,0.0,0.0,0.0
9,133280311,0.004629629629629629,0.0,0.004629629629629629
9,133280331,0.0,0.0,0.0
9,133280335,0.032407407407407406,0.0,0.032407407407407406
9,133280352,0.0,0.0,0.0
9,133280397,0.0,0.005050505050505051,0.005050505050505051
9,133280409,0.027777777777777776,0.015151515151515152,0.012626262626262624
9,133280476,0.0,0.07575757575757576,0.07575757575757576
9,133280501,0.0,0.0,0.0
9,133280545,0.07407407407407407,0.0,0.07407407407407407
9,133280573,0.004629629629629629,0.0,0.004629629629629629
9,133280580,0.5370370370370371,0.8484848484848485,0.3114478114478114
9,133280581,0.25925925925925924,0.0,0.25925925925925924
9,133280631,0.0,0.0,0.0
9,133280692,0.0,0.0,0.0
9,133280760,0.0,0.0,0.0
9,133280762,0.2824074074074074,0.8484848484848485,0.5660774410774412
9,133280808,0.1527777777777778,0.0,0.1527777777777778
9,133280816,0.0,0.0,0.0
9,133280829,0.037037037037037035,0.0,0.037037037037037035
9,133280849,0.013888888888888888,0.0,0.013888888888888888
9,133280882,0.0,0.0,0.0
9,133280927,0.0,0.0,0.0
9,133280995,0.0,0.0,0.0
9,133281007,0.0,0.0,0.0
9,133281044,0.0,0.0,0.0
9,133281045,0.013888888888888888,0.0,0.013888888888888888
9,133281069,0.0,0.0,0.0
9,133281101,0.05092592592592592,0.0,0.05092592592592592
9,133281115,0.0,0.0,0.0
9,133281119,0.0,0.0,0.0
9,133281140,0.0,0.0,0.0
9,133281151,0.0,0.0,0.0
9,133281167,0.0,0.05555555555555555,0.05555555555555555
9,133281184,0.0,0.0,0.0
9,133281185,0.0,0.0,0.0
9,133281202,0.0,0.0,0.0
9,133281317,0.0,0.0,0.0
9,133281339,0.07407407407407407,0.0,0.07407407407407407
9,133281351,0.0,0.0,0.0
9,133281371,0.0,0.0,0.0
9,133281374,0.0,0.0,0.0
9,133281400,0.0,0.0,0.0
9,133281414,0.0,0.0,0.0
9,133281466,0.013888888888888888,0.0,0.013888888888888888
9,133281471,0.0,0.0,0.0
9,133281476,0.0,0.0,0.0
9,133281520,0.009259259259259259,0.005050505050505051,0.004208754208754208
9,133281540,0.0,0.0,0.0
9,133281562,0.0,0.0,0.0
9,133281599,0.0,0.0,0.0
9,133281600,0.0,0.0,0.0
9,133281638,0.0,0.0,0.0
9,133281690,0.0,0.0,0.0
9,133281691,0.25,0.8484848484848485,0.5984848484848485
9,133281700,0.018518518518518517,0.0,0.018518518518518517
9,133281701,0.0,0.0,0.0
9,133281744,0.0,0.0,0.0
9,133281787,0.0,0.0,0.0
9,133281817,0.013888888888888888,0.0,0.013888888888888888
9,133281820,0.0,0.0,0.0
9,133281870,0.25,0.8535353535353535,0.6035353535353535
9,133281907,0.009259259259259259,0.0,0.009259259259259259
9,133281933,0.0,0.015151515151515152,0.015151515151515152
9,133281957,0.0,0.0,0.0
9,133282022,0.004629629629629629,0.0,0.004629629629629629
9,133282065,0.0,0.0,0.0
9,133282081,0.013888888888888888,0.0,0.013888888888888888
9,133282108,0.0,0.0,0.0
9,133282109,0.0,0.0,0.0
9,133282171,0.0,0.0,0.0
9,133282222,0.0,0.0,0.0
9,133282245,0.018518518518518517,0.0,0.018518518518518517
9,133282256,0.0,0.0,0.0
9,133282257,0.009259259259259259,0.0,0.009259259259259259
9,133282271,0.004629629629629629,0.0,0.004629629629629629
9,133282307,0.0,0.0,0.0
9,133282314,0.027777777777777776,0.0,0.027777777777777776
9,133282318,0.0,0.010101010101010102,0.010101010101010102
9,133282356,0.0,0.0,0.0
9,133282361,0.0,0.0,0.0
9,133282379,0.0,0.0,0.0
9,133282419,0.0,0.0,0.0
9,133282523,0.0,0.0,0.0
9,133282528,0.037037037037037035,0.0,0.037037037037037035
9,133282543,0.0,0.045454545454545456,0.045454545454545456
9,133282544,0.0,0.0,0.0
9,133282559,0.06018518518518518,0.045454545454545456,0.014730639730639726
9,133282587,0.0,0.0,0.0
9,133282593,0.10648148148148148,0.0,0.10648148148148148
9,133282594,0.0,0.0,0.0
9,133282621,0.1111111111111111,0.0,0.1111111111111111
9,133282622,0.1111111111111111,0.0,0.1111111111111111
9,133282660,0.032407407407407406,0.015151515151515152,0.017255892255892254
9,133282714,0.0,0.0,0.0
9,133282732,0.0,0.0,0.0
9,133282766,0.0,0.0,0.0
9,133282773,0.0,0.0,0.0
9,133282784,0.0,0.0,0.0
9,133282785,0.0,0.0,0.0
9,133282787,0.0,0.0,0.0
9,133282820,0.0,0.0,0.0
9,133282823,0.027777777777777776,0.13131313131313133,0.10353535353535355
9,133282900,0.0,0.0,0.0
9,133282906,0.05555555555555555,0.0,0.05555555555555555
9,133282952,0.0,0.0,0.0
9,133283025,0.0,0.0,0.0
9,133283059,0.004629629629629629,0.0,0.004629629629629629
9,133283060,0.0,0.015151515151515152,0.015151515151515152
9,133283065,0.0,0.0,0.0
9,133283069,0.0,0.0,0.0
9,133283079,0.08796296296296297,0.0,0.08796296296296297
9,133283080,0.0,0.0,0.0
9,133283099,0.1111111111111111,0.0,0.1111111111111111
9,133283153,0.0,0.0,0.0
9,133283162,0.0,0.0,0.0
9,133283255,0.6527777777777778,0.8636363636363636,0.21085858585858586
9,133283300,0.0,0.0,0.0
9,133283406,0.6527777777777778,0.8636363636363636,0.21085858585858586
9,133283466,0.0,0.0,0.0
9,133283494,0.0,0.0,0.0
9,133283496,0.0,0.005050505050505051,0.005050505050505051
9,133283519,0.023148148148148147,0.09090909090909091,0.06776094276094277
9,133283524,0.0,0.0,0.0
9,133283526,0.004629629629629629,0.0,0.004629629629629629
9,133283527,0.0,0.0,0.0
9,133283530,0.0,0.0,0.0
9,133283566,0.0,0.0,0.0
9,133283574,0.06481481481481481,0.0,0.06481481481481481
9,133283580,0.8842592592592593,0.9545454545454546,0.07028619528619529
9,133283606,0.0,0.025252525252525252,0.025252525252525252
9,133283643,0.004629629629629629,0.0,0.004629629629629629
9,133283655,0.0,0.0,0.0
9,133283659,0.1111111111111111,0.0,0.1111111111111111
9,133283669,0.0,0.0,0.0
9,133283701,0.05092592592592592,0.0,0.05092592592592592
9,133283702,0.0787037037037037,0.0,0.0787037037037037
9,133283737,0.0,0.0,0.0
9,133283743,0.12037037037037036,0.015151515151515152,0.10521885521885521
9,133283750,0.0,0.0,0.0
9,133283761,0.0,0.0,0.0
9,133283780,0.0,0.0,0.0
9,133283781,0.0,0.0,0.0
9,133283823,0.0,0.0,0.0
9,133283847,0.0,0.0,0.0
9,133283865,0.0,0.0,0.0
9,133283965,0.013888888888888888,0.0,0.013888888888888888
9,133283978,0.004629629629629629,0.0,0.004629629629629629
9,133284016,0.013888888888888888,0.0,0.013888888888888888
9,133284021,0.0,0.0,0.0
9,133284033,0.0,0.0,0.0
9,133284050,0.0,0.0,0.0
9,133284079,0.023148148148148147,0.0,0.023148148148148147
9,133284084,0.0,0.0,0.0
9,133284088,0.0,0.0,0.0
9,133284112,0.07407407407407407,0.0,0.07407407407407407
9,133284113,0.0,0.0,0.0
9,133284127,0.0,0.0,0.0
9,133284129,0.0,0.0,0.0
9,133284210,0.05092592592592592,0.0,0.05092592592592592
9,133284211,0.037037037037037035,0.0,0.037037037037037035
9,133284220,0.009259259259259259,0.0,0.009259259259259259
9,133284227,0.0,0.0,0.0
9,133284299,0.0,0.0,0.0
9,133284305,0.0,0.0,0.0
9,133284310,0.4722222222222222,0.7626262626262627,0.29040404040404044
9,133284327,0.0,0.0,0.0
9,133284329,0.1111111111111111,0.0,0.1111111111111111
9,133284378,0.875,0.7626262626262627,0.11237373737373735
9,133284407,0.0787037037037037,0.0,0.0787037037037037
9,133284422,0.0,0.0,0.0
9,133284427,0.0,0.0,0.0
9,133284447,0.0,0.0,0.0
9,133284512,0.0,0.0,0.0
9,133284595,0.009259259259259259,0.0,0.009259259259259259
9,133284608,0.06944444444444445,0.0,0.06944444444444445
9,133284628,0.004629629629629629,0.0,0.004629629629629629
9,133284670,0.0,0.0,0.0
9,133284690,0.0,0.0,0.0
9,133284708,0.0,0.0,0.0
9,133284742,0.009259259259259259,0.0,0.009259259259259259
9,133284760,0.0,0.0,0.0
9,133284774,0.0,0.0,0.0
9,133284791,0.0,0.0,0.0
9,133284835,0.0,0.0,0.0
9,133284896,0.0,0.0,0.0
9,133284902,0.0,0.0,0.0
9,133284911,0.0,0.0,0.0
9,133284948,0.0,0.0,0.0
9,133285022,0.24537037037037038,0.6767676767676768,0.43139730639730645
9,133285049,0.4027777777777778,0.1111111111111111,0.2916666666666667
9,133285050,0.0,0.0,0.0
9,133285081,0.0,0.005050505050505051,0.005050505050505051
9,133285099,0.05555555555555555,0.1111111111111111,0.05555555555555555
9,133285128,0.0,0.0,0.0
9,133285166,0.0,0.0,0.0
9,133285195,0.004629629629629629,0.0,0.004629629629629629
9,133285228,0.0,0.0,0.0
9,133285236,0.004629629629629629,0.0,0.004629629629629629
9,133285238,0.06481481481481481,0.0,0.06481481481481481
9,133285268,0.0,0.0,0.0
9,133285284,0.004629629629629629,0.0,0.004629629629629629
9,133285311,0.0,0.0,0.0
9,133285313,0.0,0.0,0.0
9,133285322,0.013888888888888888,0.1414141414141414,0.1275252525252525
9,133285336,0.0,0.0,0.0
9,133285351,0.0,0.0,0.0
9,133285353,0.0,0.0,0.0
9,133285393,0.0,0.0,0.0
9,133285400,0.26851851851851855,0.09090909090909091,0.17760942760942763
9,133285408,0.26851851851851855,0.09090909090909091,0.17760942760942763
9,133285413,0.0,0.0,0.0
9,133285554,0.0,0.0,0.0
9,133285604,0.09722222222222222,0.0,0.09722222222222222
9,133285652,0.0,0.0,0.0
9,133285653,0.0,0.0,0.0
9,133285791,0.0,0.0,0.0
9,133285821,0.05555555555555555,0.0,0.05555555555555555
9,133285823,0.0,0.0,0.0
9,133285836,0.004629629629629629,0.0,0.004629629629629629
9,133285860,0.0,0.0,0.0
9,133285876,0.0,0.0,0.0
9,133285969,0.018518518518518517,0.005050505050505051,0.013468013468013466
9,133286030,0.0,0.0,0.0
9,133286083,0.0,0.0,0.0
9,133286084,0.0,0.0,0.0
9,133286092,0.0,0.0,0.0
9,133286093,0.0,0.0,0.0
9,133286103,0.0,0.0,0.0
9,133286111,0.0,0.0,0.0
9,133286120,0.0,0.0,0.0
9,133286159,0.0,0.0,0.0
9,133286168,0.004629629629629629,0.0,0.004629629629629629
9,133286172,0.3101851851851852,0.1717171717171717,0.13846801346801346
9,133286204,0.0,0.0,0.0
9,133286222,0.0,0.0,0.0
9,133286297,0.004629629629629629,0.0,0.004629629629629629
9,133286298,0.09259259259259259,0.0,0.09259259259259259
9,133286299,0.0,0.0,0.0
9,133286310,0.6203703703703703,0.18686868686868688,0.4335016835016835
9,133286405,0.0,0.0,0.0
9,133286474,0.0,0.0,0.0
9,133286500,0.0,0.0,0.0
9,133286504,0.004629629629629629,0.0,0.004629629629629629
9,133286511,0.0,0.0,0.0
9,133286513,0.0,0.0,0.0
9,133286582,0.046296296296296294,0.0707070707070707,0.02441077441077441
9,133286611,0.0,0.0,0.0
9,133286612,0.5046296296296297,0.7424242424242424,0.23779461279461278
9,133286615,0.08796296296296297,0.03535353535353535,0.05260942760942761
9,133286620,0.004629629629629629,0.0,0.004629629629629629
9,133286693,0.0,0.0,0.0
9,133286792,0.0,0.0,0.0
9,133286827,0.0,0.0,0.0
9,133286848,0.013888888888888888,0.0,0.013888888888888888
9,133286860,0.004629629629629629,0.005050505050505051,0.00042087542087542156
9,133286950,0.10648148148148148,0.015151515151515152,0.09132996632996633
9,133286976,0.009259259259259259,0.0,0.009259259259259259
9,133287023,0.125,0.5757575757575758,0.4507575757575758
9,133287037,0.0,0.0,0.0
9,133287047,0.0,0.0,0.0
9,133287097,0.6527777777777778,0.9090909090909091,0.25631313131313127
9,133287104,0.009259259259259259,0.005050505050505051,0.004208754208754208
9,133287227,0.05092592592592592,0.09090909090909091,0.03998316498316499
9,133287268,0.25925925925925924,0.6919191919191919,0.4326599326599327
9,133287275,0.08796296296296297,0.015151515151515152,0.07281144781144781
9,133287276,0.023148148148148147,0.0,0.023148148148148147
9,133287318,0.0,0.0,0.0
9,133287325,0.0,0.0,0.0
9,133287331,0.0,0.0,0.0
9,133287337,0.05555555555555555,0.12121212121212122,0.06565656565656566
9,133287339,0.2916666666666667,0.6818181818181818,0.3901515151515151
9,133287340,0.0,0.005050505050505051,0.005050505050505051
9,133287350,0.12962962962962962,0.21212121212121213,0.0824915824915825
9,133287405,0.009259259259259259,0.0,0.009259259259259259
9,133287415,0.0,0.0,0.0
9,133287418,0.3472222222222222,0.6868686868686869,0.33964646464646464
9,133287419,0.3472222222222222,0.6868686868686869,0.33964646464646464
9,133287457,0.0,0.0,0.0
9,133287459,0.7453703703703703,0.9040404040404041,0.15867003367003374
9,133287462,0.0,0.0,0.0
9,133287488,0.2824074074074074,0.5050505050505051,0.2226430976430977
9,133287506,0.009259259259259259,0.0,0.009259259259259259
9,133287519,0.0,0.0,0.0
9,133287520,0.004629629629629629,0.0,0.004629629629629629
9,133287522,0.0,0.0,0.0
9,133287567,0.22685185185185186,0.40404040404040403,0.17718855218855217
9,133287588,0.0,0.0,0.0
9,133287663,0.0,0.0,0.0
9,133287868,0.0,0.0,0.0
9,133287954,0.48148148148148145,0.8383838383838383,0.3569023569023569
9,133287985,0.20833333333333334,0.4898989898989899,0.2815656565656566
9,133288161,0.2037037037037037,0.4898989898989899,0.2861952861952862
9,133288164,0.0,0.0,0.0
9,133288213,0.004629629629629629,0.0,0.004629629629629629
9,133288215,0.009259259259259259,0.015151515151515152,0.005892255892255893
9,133288231,0.0,0.0,0.0
9,133288243,0.2037037037037037,0.4898989898989899,0.2861952861952862
9,133288272,0.6481481481481481,0.8838383838383839,0.23569023569023573
9,133288306,0.2037037037037037,0.4898989898989899,0.2861952861952862
9,133288313,0.013888888888888888,0.005050505050505051,0.008838383838383836
9,133288359,0.2037037037037037,0.4898989898989899,0.2861952861952862
9,133288367,0.0,0.0,0.0
9,133288521,0.2037037037037037,0.47474747474747475,0.2710437710437711
9,133288524,0.0,0.0,0.0
9,133288528,0.0,0.0,0.0
9,133288576,0.004629629629629629,0.0,0.004629629629629629
9,133288622,0.0,0.0,0.0
9,133288625,0.0,0.0,0.0
9,133288668,0.0,0.0,0.0
9,133288738,0.25462962962962965,0.08585858585858586,0.1687710437710438
9,133288755,0.0,0.0,0.0
9,133288816,0.0,0.0,0.0
9,133288857,0.0,0.0,0.0
9,133288867,0.004629629629629629,0.0,0.004629629629629629
9,133288906,0.0,0.005050505050505051,0.005050505050505051
9,133288930,0.0,0.0,0.0
9,133288973,0.0,0.0,0.0
9,133288984,0.0,0.0,0.0
9,133289058,0.0,0.0,0.0
9,133289126,0.19444444444444445,0.4595959595959596,0.26515151515151514
9,133289129,0.0,0.0,0.0
9,133289130,0.0,0.0,0.0
9,133289142,0.0,0.0,0.0
9,133289144,0.08796296296296297,0.4494949494949495,0.36153198653198654
9,133289174,0.2037037037037037,0.47474747474747475,0.2710437710437711
9,133289265,0.0,0.0,0.0
9,133289335,0.027777777777777776,0.0,0.027777777777777776
9,133289367,0.05555555555555555,0.025252525252525252,0.0303030303030303
9,133289370,0.2037037037037037,0.47474747474747475,0.2710437710437711
9,133289378,0.6666666666666666,0.6767676767676768,0.010101010101010166
9,133289435,0.0,0.0,0.0
9,133289513,0.0,0.0,0.0
9,133289516,0.041666666666666664,0.005050505050505051,0.036616161616161616
9,133289522,0.0,0.0,0.0
9,133289534,0.0,0.0,0.0
9,133289581,0.0,0.0,0.0
9,133289626,0.0,0.0,0.0
9,133289645,0.0,0.0,0.0
9,133289648,0.009259259259259259,0.0,0.009259259259259259
9,133289712,0.0,0.0,0.0
9,133289732,0.0,0.0,0.0
9,133289762,0.0,0.0,0.0
9,133289784,0.004629629629629629,0.005050505050505051,0.00042087542087542156
9,133289826,0.004629629629629629,0.0,0.004629629629629629
9,133289836,0.0,0.0,0.0
9,133289929,0.0,0.0,0.0
9,133289956,0.0,0.0,0.0
9,133289985,0.0,0.0,0.0
9,133290000,0.23148148148148148,0.45454545454545453,0.22306397306397305
