chrom,pos,pop,af
chr9,133255801,YRI,0.829
chr9,133255801,CEU,0.929
chr9,133255801,CHB,0.772
chr9,133255935,YRI,0.829
chr9,133255935,CEU,0.929
chr9,133255935,CHB,0.772
chr9,133255936,YRI,0.829
chr9,133255936,CEU,0.929
chr9,133255936,CHB,0.772
chr9,133256028,YRI,0.829
chr9,133256028,CEU,0.929
chr9,133256028,CHB,0.772
chr9,133256085,YRI,0.806
chr9,133256085,CEU,0.722
chr9,133256085,CHB,0.767
chr9,133257521,YRI,0.769
chr9,133257521,CEU,0.621
chr9,133257521,CHB,0.607
chr9,133261703,YRI,0.606
chr9,133261703,CEU,0.621
chr9,133261703,CHB,0.602
chr9,133273813,YRI,0.69
chr9,133273813,CEU,0.631
chr9,133273813,CHB,0.602
